{
    "accuracy": 0.9482288828337875,
    "precision": 0.889763779527559,
    "recall": 0.7243589743589743,
    "auc": 0.9344356261022928
}